{
  "0": {
    "precision": 1.0,
    "recall": 0.6666666666666666,
    "f1-score": 0.8,
    "support": 3.0
  },
  "1": {
    "precision": 0.0,
    "recall": 0.0,
    "f1-score": 0.0,
    "support": 0.0
  },
  "accuracy": 0.6666666666666666,
  "macro avg": {
    "precision": 0.5,
    "recall": 0.3333333333333333,
    "f1-score": 0.4,
    "support": 3.0
  },
  "weighted avg": {
    "precision": 1.0,
    "recall": 0.6666666666666666,
    "f1-score": 0.8000000000000002,
    "support": 3.0
  }
}